round,date,n1,n2,n3,n4,n5,n6,bonus,prize1_winners,prize1_amount,total_sales
1,2002-12-07,10,23,29,33,37,40,16,1,143934100,3681782000
2,2002-12-14,9,13,21,25,32,42,2,2,94866800,4904274000
3,2002-12-21,11,16,19,21,27,31,30,,,4729342000
4,2002-12-28,14,27,30,31,40,42,2,1,211191200,5271464000
5,2003-01-04,16,24,29,40,41,42,3,,,6277102000
6,2003-01-11,14,15,26,27,40,42,34,3,196297600,15305356000
7,2003-01-18,2,9,16,25,26,40,42,9,48165000,12794890000
8,2003-01-25,8,19,25,34,37,39,9,6,131555000,20751450000
9,2003-02-01,2,4,16,17,36,39,14,4,769456500,73624020000
10,2003-02-08,9,25,30,33,41,44,6,236,40813400,260856392000
11,2003-02-15,1,7,36,37,41,42,14,11,362132700,91925306000
12,2003-02-22,2,11,21,25,39,45,44,27,99914400,76255508000
13,2003-03-01,22,23,25,37,38,42,26,6,433309300,66532136000
14,2003-03-08,2,6,12,31,33,40,15,28,130363400,99838648000
15,2003-03-15,3,4,16,30,31,37,13,16,177231700,73264910000
16,2003-03-22,6,7,24,37,38,40,33,12,243174700,75777348000
17,2003-03-29,3,4,9,17,32,37,1,9,297193900,72718152000
18,2003-04-05,3,12,13,19,32,35,29,15,175017300,66371660000
19,2003-04-12,6,30,38,39,40,43,26,14,297278500,105957818000
20,2003-04-19,10,14,18,20,23,30,41,14,230383400,81056776000
21,2003-04-26,6,12,17,18,31,32,21,26,117576500,84247142000
22,2003-05-03,4,5,6,8,17,39,25,32,94837300,79455152000
23,2003-05-10,5,13,17,18,33,42,44,23,125157900,77374256000
24,2003-05-17,7,8,27,29,36,43,6,18,176023700,78486634000
25,2003-05-24,2,4,21,26,43,44,16,28,175267400,120073768000
26,2003-05-31,4,5,7,18,20,25,31,39,74680900,80193026000
27,2003-06-07,1,20,26,28,37,43,27,16,198832900,76145050000
28,2003-06-14,9,18,23,25,35,37,1,22,128815200,75448366000
29,2003-06-21,1,5,13,34,39,40,11,17,174146700,74523120000
30,2003-06-28,8,17,20,35,36,44,4,22,132250800,72399690000
31,2003-07-05,7,9,18,23,28,35,32,29,93180100,71317306000
32,2003-07-12,6,14,19,25,34,44,11,49,55596200,71179198000
33,2003-07-19,4,7,32,33,40,41,9,41,60583400,67457252000
34,2003-07-26,9,26,35,37,40,42,2,45,56609500,69389894000
35,2003-08-02,2,3,11,26,37,43,39,24,105304100,66143062000
36,2003-08-09,1,10,23,26,28,40,31,19,140477800,66856686000
37,2003-08-16,7,27,30,33,35,37,42,20,124649900,65509794000
38,2003-08-23,16,17,22,30,37,43,36,18,149301800,67369284000
39,2003-08-30,6,7,13,15,21,43,8,25,104949900,66094476000
40,2003-09-06,7,13,18,19,25,26,6,44,56513100,65699086000
41,2003-09-13,13,20,23,35,38,43,34,21,109404000,57624562000
42,2003-09-20,17,18,19,21,23,32,1,35,131479800,119909740000
43,2003-09-27,6,31,35,38,39,44,1,21,140870000,74686296000
44,2003-10-04,3,11,21,30,38,45,39,23,121817200,69956950000
45,2003-10-11,1,10,20,27,33,35,17,27,103165600,71216232000
46,2003-10-18,8,13,15,23,31,38,39,39,68304600,68181568000
47,2003-10-25,14,17,26,31,36,45,27,11,246215300,67756694000
48,2003-11-01,6,10,18,26,37,38,3,25,96626900,65806832000
49,2003-11-08,4,7,16,19,33,40,30,49,46845300,64501142000
50,2003-11-15,2,10,12,15,22,44,1,14,186680700,65563234000
51,2003-11-22,2,3,11,16,26,44,35,26,93119800,62553680000
52,2003-11-29,2,4,15,16,20,29,1,13,200043300,64393446000
53,2003-12-06,7,8,14,32,33,39,42,25,100287400,64996010000
54,2003-12-13,1,8,21,27,36,39,37,15,171620800,63833006000
55,2003-12-20,17,21,31,37,40,44,7,24,98455500,62195764000
56,2003-12-27,10,14,30,31,33,37,19,29,86840700,65258932000
57,2004-01-03,7,10,16,25,29,44,6,25,109717600,70132666000
58,2004-01-10,10,24,25,33,40,44,1,39,62844900,66638136000
59,2004-01-17,6,29,36,39,41,45,13,23,119640200,67563698000
60,2004-01-24,2,8,25,36,39,42,11,27,93873600,65405936000
61,2004-01-31,14,15,19,30,38,43,8,11,268260500,73312994000
62,2004-02-07,3,8,15,27,29,35,21,22,119827900,66740368000
63,2004-02-14,3,20,23,36,38,40,5,26,101567200,67074050000
64,2004-02-21,14,15,18,21,26,36,39,11,236352600,65085154000
65,2004-02-28,4,25,33,36,40,43,39,27,92048000,66685144000
66,2004-03-06,2,3,7,17,22,24,45,19,129303000,63378796000
67,2004-03-13,3,7,10,15,36,38,33,62,39787700,64314872000
68,2004-03-20,10,12,15,16,26,39,38,20,122745000,63813236000
69,2004-03-27,5,8,14,15,19,39,35,20,124067800,63711302000
70,2004-04-03,5,19,22,25,28,43,26,14,179688400,63232578000
71,2004-04-10,5,9,12,16,29,41,21,28,88745200,62889986000
72,2004-04-17,2,4,11,17,26,27,1,44,104081800,125651214000
73,2004-04-24,3,12,18,32,40,43,38,26,106410000,72635862000
74,2004-05-01,6,15,17,18,35,40,23,40,66061800,68902158000
75,2004-05-08,2,5,24,32,34,44,28,19,137354900,66138372000
76,2004-05-15,1,3,15,22,25,37,43,17,146098400,65083924000
77,2004-05-22,2,18,29,32,43,44,37,19,135677800,64420666000
78,2004-05-29,10,13,25,29,33,35,38,22,106662100,61257794000
79,2004-06-05,3,12,24,27,30,32,14,31,73471910,60390004000
80,2004-06-12,17,18,24,25,26,30,1,16,143849375,60160440000
81,2004-06-19,5,7,11,13,20,33,6,20,113095370,60983308000
82,2004-06-26,1,2,3,14,27,42,39,20,121354120,61302808000
83,2004-07-03,6,10,15,17,19,34,14,15,157487740,62512062000
84,2004-07-10,16,23,27,34,42,45,11,17,150387824,62780760000
85,2004-07-17,6,8,13,23,31,36,21,31,74453975,59451304000
86,2004-07-24,2,12,37,39,41,45,33,16,148460275,59835968000
87,2004-07-31,4,12,16,23,34,43,26,33,99964337,83793642000
88,2004-08-07,1,17,20,24,30,41,27,31,66015262,51910612000
89,2004-08-14,4,26,28,29,33,40,37,30,70805365,55102179000
90,2004-08-21,17,20,29,35,38,44,10,34,64537948,55493544000
91,2004-08-28,1,21,24,26,29,42,27,32,74643800,59061052000
92,2004-09-04,3,14,24,33,35,36,17,50,45219931,58296001000
93,2004-09-11,6,22,24,36,38,44,19,26,87276083,57236313000
94,2004-09-18,5,32,34,40,41,45,6,38,59087894,57144729000
95,2004-09-25,8,17,27,31,34,43,14,48,48548368,60077493000
96,2004-10-02,1,3,8,21,22,31,20,38,56710240,54217572000
97,2004-10-09,6,7,14,15,20,36,3,46,48789587,57713200000
98,2004-10-16,6,9,16,23,24,32,43,45,47081072,56231084000
99,2004-10-23,1,3,10,27,29,37,11,40,54230477,56207491000
100,2004-10-30,1,7,11,23,37,42,6,36,61394732,56561977000
101,2004-11-06,1,3,17,32,35,45,8,38,59370560,57585065000
102,2004-11-13,17,22,24,26,35,40,42,24,91072067,56937962000
103,2004-11-20,5,14,15,27,30,45,10,38,59354020,57420615000
104,2004-11-27,17,32,33,34,42,44,35,23,95807881,56533705000
105,2004-12-04,8,10,20,34,41,45,28,26,87609781,57479716000
106,2004-12-11,4,10,12,22,24,33,29,40,54030744,57384485000
107,2004-12-18,1,4,5,6,9,31,17,35,63618360,57545202000
108,2004-12-25,7,18,22,23,29,44,12,41,56879291,58875228000
109,2005-01-01,1,5,34,36,42,44,33,31,80441175,62584098000
110,2005-01-08,7,20,22,23,29,43,1,38,60082395,57625490000
111,2005-01-15,7,18,31,33,36,40,27,51,43118578,57876999000
112,2005-01-22,26,29,30,33,41,42,43,32,73465836,59292005000
113,2005-01-29,4,9,28,33,36,45,26,43,54471940,59258248000
114,2005-02-05,11,14,19,26,28,41,2,41,57618172,60079401000
115,2005-02-12,1,2,6,9,25,28,31,34,65673070,59130557000
116,2005-02-19,2,4,25,31,34,37,17,56,41619736,61606084000
117,2005-02-26,5,10,22,34,36,44,35,50,46751350,59429610000
118,2005-03-05,3,4,10,17,19,22,38,41,52763810,57171934000
119,2005-03-12,3,11,13,14,17,21,38,49,45149982,57800632000
120,2005-03-19,4,6,10,11,32,37,30,31,70395650,57418983000
121,2005-03-26,12,28,30,34,38,43,9,31,73544604,57134544000
122,2005-04-02,1,11,16,17,36,40,8,38,57239756,56171704000
123,2005-04-09,7,17,18,28,30,45,27,38,55547866,54097448000
124,2005-04-16,4,16,23,25,29,42,1,37,56592011,54180838000
125,2005-04-23,2,8,32,33,35,36,18,36,56870813,53149705000
126,2005-04-30,7,20,22,27,40,43,1,35,58684350,52748965000
127,2005-05-07,3,5,10,29,32,43,35,43,45719516,50752603000
128,2005-05-14,12,30,34,36,37,45,39,23,89741005,52310392000
129,2005-05-21,19,23,25,28,38,42,17,50,40099754,51555754000
130,2005-05-28,7,19,24,27,42,45,31,30,67477704,51359012000
131,2005-06-04,8,10,11,14,15,21,37,33,58634929,50231773000
132,2005-06-11,3,17,23,34,41,45,43,34,57264187,49921897000
133,2005-06-18,4,7,15,18,23,26,13,51,37914840,50889926000
134,2005-06-25,3,12,20,23,31,35,43,50,39152585,50445575000
135,2005-07-02,6,14,22,28,35,39,16,28,71553897,51062672000
136,2005-07-09,2,16,30,36,41,42,11,26,76834391,51144633000
137,2005-07-16,7,9,20,25,36,39,15,40,47640130,49978654000
138,2005-07-23,10,11,27,28,37,39,19,32,57998750,47688450000
139,2005-07-30,9,11,15,20,28,43,13,28,68758759,48371085000
140,2005-08-06,3,13,17,18,19,28,8,34,51702521,45983464000
141,2005-08-13,8,12,29,31,42,43,2,29,65536290,48016958000
142,2005-08-20,12,16,30,34,40,44,19,28,66672150,48012844000
143,2005-08-27,26,27,28,42,43,45,8,35,56494068,49415357000
144,2005-09-03,4,15,17,26,36,37,43,38,49208436,49202521000
145,2005-09-10,2,3,13,20,27,44,9,38,49971556,48913832000
146,2005-09-17,2,19,27,35,41,42,25,34,59249170,50677555000
147,2005-09-24,4,6,13,21,40,42,36,35,56668008,50345605000
148,2005-10-01,21,25,33,34,35,36,17,35,55323725,49523247000
149,2005-10-08,2,11,21,34,41,42,27,43,44470407,48406950000
150,2005-10-15,2,18,25,28,37,39,16,46,41038346,48763778000
151,2005-10-22,1,2,10,13,18,19,15,45,40246430,47357067000
152,2005-10-29,1,5,13,26,29,34,43,30,63281440,48180334000
153,2005-11-05,3,8,11,12,13,36,33,52,35006746,47777735000
154,2005-11-12,6,19,21,35,40,45,20,32,59096432,48022386000
155,2005-11-19,16,19,20,32,33,41,4,37,48365098,46140202000
156,2005-11-26,5,18,28,30,42,45,2,30,62271107,47344584000
157,2005-12-03,19,26,30,33,35,39,37,28,65296474,46853365000
158,2005-12-10,4,9,13,18,21,34,7,45,39612754,46368888000
159,2005-12-17,1,18,30,41,42,43,32,24,73141971,44311926000
160,2005-12-24,3,7,8,34,39,41,1,32,57195890,46833239000
161,2005-12-31,22,34,36,40,42,45,44,63,33275487,53096453000
162,2006-01-07,1,5,21,25,38,41,24,33,58289540,49050086000
163,2006-01-14,7,11,26,28,29,44,16,47,40454205,49018952000
164,2006-01-21,6,9,10,11,39,41,27,39,51986384,53052119000
165,2006-01-28,5,13,18,19,22,42,31,40,56395223,58088118000
166,2006-02-04,9,12,27,36,39,45,14,28,72763690,52157466000
167,2006-02-11,24,27,28,30,36,39,4,36,57667198,52744392000
168,2006-02-18,3,10,31,40,42,43,30,54,36264613,51496212000
169,2006-02-25,16,27,35,37,43,45,19,31,66744312,52076183000
170,2006-03-04,2,11,13,15,31,42,10,27,71226232,49718245000
171,2006-03-11,4,16,25,29,34,35,1,19,103228406,50357474000
172,2006-03-18,4,19,21,24,26,41,35,19,104321885,50758266000
173,2006-03-25,3,9,24,30,33,34,18,63,31486493,52286521000
174,2006-04-01,13,14,18,22,35,39,16,26,79472574,52340568000
175,2006-04-08,19,26,28,31,33,36,17,48,41165497,50895147000
176,2006-04-15,4,17,30,32,33,34,15,40,48222148,50488528000
177,2006-04-22,1,10,13,16,37,43,6,30,65849992,50480325000
178,2006-04-29,1,5,11,12,18,23,9,44,42701157,49582758000
179,2006-05-06,5,9,17,25,39,43,32,53,33996665,47291694000
180,2006-05-13,2,15,20,21,29,34,22,35,54889253,48895477000
181,2006-05-20,14,21,23,32,40,45,44,24,80906805,49124446000
182,2006-05-27,13,15,27,29,34,40,35,44,42289085,47222594000
183,2006-06-03,2,18,24,34,40,42,5,25,71088860,45938460000
184,2006-06-10,1,2,6,16,20,33,41,31,56379131,45503351000
185,2006-06-17,1,2,4,8,19,38,14,34,51801262,45783088000
186,2006-06-24,4,10,14,19,21,45,9,46,38735303,45484428000
187,2006-07-01,1,2,8,18,29,38,42,19,94852082,45855961000
188,2006-07-08,19,24,27,30,31,34,36,33,53051594,45176242000
189,2006-07-15,8,14,32,35,37,45,28,33,52451138,43650551000
190,2006-07-22,8,14,18,30,31,44,15,33,54065438,44864459000
191,2006-07-29,5,6,24,25,32,37,8,23,74698977,44534869000
192,2006-08-05,4,8,11,18,37,45,33,38,42900849,42035065000
193,2006-08-12,6,14,18,26,36,39,13,20,85111243,43788477000
194,2006-08-19,15,20,23,26,39,44,28,21,84145012,44511515000
195,2006-08-26,7,10,19,22,35,40,31,66,25527572,44374725000
196,2006-09-02,35,36,37,41,44,45,30,27,67395975,45773496000
197,2006-09-09,7,12,16,34,42,45,4,42,42929008,45993306000
198,2006-09-16,12,19,20,25,41,45,2,25,71914202,45614021000
199,2006-09-23,14,21,22,25,30,36,43,23,77452931,45021068000
200,2006-09-30,5,6,13,14,17,20,7,58,30910727,46640423000
201,2006-10-07,3,11,24,38,39,44,26,37,43781376,42254768000
202,2006-10-14,12,14,27,33,39,44,17,40,47334793,48304034000
203,2006-10-21,1,3,11,24,30,32,7,43,41948930,47033359000
204,2006-10-28,3,12,14,35,40,45,5,23,78744761,46077750000
205,2006-11-04,1,3,21,29,35,37,30,21,87391515,46330516000
206,2006-11-11,1,2,3,15,20,25,43,36,47056930,44326979000
207,2006-11-18,3,11,14,31,32,37,38,37,47402563,45282336000
208,2006-11-25,14,25,31,34,40,44,24,34,51787277,45516378000
209,2006-12-02,2,7,18,20,24,33,37,34,48849893,43753377000
210,2006-12-09,10,19,22,23,25,37,39,46,37239754,44757963000
211,2006-12-16,12,13,17,20,33,41,8,29,59528750,45332675000
212,2006-12-23,11,12,18,21,31,38,8,36,49273098,46139120000
213,2006-12-30,2,3,4,5,20,24,42,33,55623355,48745094000
214,2007-01-06,5,7,20,25,28,37,32,36,52110403,49195740000
215,2007-01-13,2,3,7,15,43,44,4,32,57884518,47675761000
216,2007-01-20,7,16,17,33,36,40,1,63,29181427,48342018000
217,2007-01-27,16,20,27,33,35,39,38,29,64820249,48260644000
218,2007-02-03,1,8,14,18,29,44,20,26,71258354,47018314000
219,2007-02-10,4,11,20,26,35,37,16,41,44210092,46903745000
220,2007-02-17,5,11,19,21,34,43,31,28,69931963,50383399000
221,2007-02-24,2,20,33,35,37,40,10,44,40911461,47674135000
222,2007-03-03,5,7,28,29,39,43,44,33,57454390,47735197000
223,2007-03-10,1,3,18,20,26,27,38,39,44817070,46036874000
224,2007-03-17,4,19,26,27,30,42,7,26,69575768,46435109000
225,2007-03-24,5,11,13,19,31,36,7,41,43346386,46352016000
226,2007-03-31,2,6,8,14,21,22,34,38,45897373,45145643000
227,2007-04-07,4,5,15,16,22,42,2,24,72965867,44444776000
228,2007-04-14,17,25,35,36,39,44,23,39,44103859,44764100000
229,2007-04-21,4,5,9,11,23,38,35,27,62716591,44762989000
230,2007-04-28,5,11,14,29,32,33,12,25,68956222,44191351000
231,2007-05-05,5,10,19,31,44,45,27,19,85923624,42355627000
232,2007-05-12,8,9,10,12,24,44,35,18,92576534,43564632000
233,2007-05-19,4,6,13,17,28,40,39,26,64048318,43516805000
234,2007-05-26,13,21,22,24,26,37,4,23,73036055,42814085000
235,2007-06-02,21,22,26,27,31,37,8,29,59195347,43347391000
236,2007-06-09,1,4,8,13,37,39,7,41,40894636,42941871000
237,2007-06-16,1,11,17,21,24,44,33,39,43095792,43358287000
238,2007-06-23,2,4,15,28,31,34,35,29,58016926,42952477000
239,2007-06-30,11,15,24,39,41,44,7,29,58662423,43296565000
240,2007-07-07,6,10,16,40,41,43,21,28,60693470,43603443000
241,2007-07-14,2,16,24,27,28,35,21,34,50039536,43246894000
242,2007-07-21,4,19,20,21,32,34,43,36,45723792,42679760000
243,2007-07-28,2,12,17,19,28,42,34,29,55375863,41304830000
244,2007-08-04,13,16,25,36,37,38,19,25,60810554,39411047000
245,2007-08-11,9,11,27,31,32,38,22,35,46086105,41854623000
246,2007-08-18,13,18,21,23,26,39,15,26,61274816,41453154000
247,2007-08-25,12,15,28,36,39,40,13,29,57562549,42231698000
248,2007-09-01,3,8,17,23,38,45,13,23,71158224,42348403000
249,2007-09-08,3,8,27,31,41,44,11,29,57364438,42539134000
250,2007-09-15,19,23,30,37,43,45,38,17,97780700,42122808000
251,2007-09-22,6,7,19,25,28,38,45,40,42753880,44493014000
252,2007-09-29,14,23,26,31,39,45,28,24,67622417,41207920000
253,2007-10-06,8,19,25,31,34,36,33,20,82206318,42309347000
254,2007-10-13,1,5,19,20,24,30,27,33,49197050,42259113000
255,2007-10-20,1,5,6,24,27,42,32,13,122970658,41425341000
256,2007-10-27,4,11,14,21,23,43,32,34,47951148,41996580000
257,2007-11-03,6,13,27,31,32,37,4,18,88569520,41433637000
258,2007-11-10,14,27,30,31,38,40,17,28,57772247,41364428000
259,2007-11-17,4,5,14,35,42,45,34,25,64513780,40905570000
260,2007-11-24,7,12,15,24,37,40,43,26,59232964,40140211000
261,2007-12-01,6,11,16,18,31,43,2,32,49879674,41215041000
262,2007-12-08,9,12,24,25,29,31,36,21,71726058,39232234000
263,2007-12-15,1,27,28,32,37,40,18,27,57470552,39677128000
264,2007-12-22,9,16,27,36,41,44,5,27,58112497,39783178000
265,2007-12-29,5,9,34,37,38,39,12,19,84269374,40913922000
266,2008-01-05,3,4,9,11,22,42,37,36,44544607,41937067000
267,2008-01-12,7,8,24,34,36,41,1,28,58172559,41835853000
268,2008-01-19,3,10,19,24,32,45,12,35,45031818,41213802000
269,2008-01-26,5,18,20,36,42,43,32,22,74295453,41357619000
270,2008-02-02,5,9,12,20,21,26,27,32,50203908,41845351000
271,2008-02-09,3,8,9,27,29,40,36,28,55925649,40879633000
272,2008-02-16,7,9,12,27,39,43,28,39,42485493,43310674000
273,2008-02-23,1,8,24,31,34,44,6,21,79512931,42816211000
274,2008-03-01,13,14,15,26,35,39,25,37,45136678,42631711000
275,2008-03-08,14,19,20,35,38,40,26,19,88105850,42329813000
276,2008-03-15,4,15,21,33,39,41,25,31,53428533,42567610000
277,2008-03-22,10,12,13,15,25,29,20,31,52784320,41868708000
278,2008-03-29,3,11,37,39,41,43,13,27,59009815,41088180000
279,2008-04-05,7,16,31,36,37,38,11,27,59080412,41130542000
280,2008-04-12,10,11,23,24,36,37,35,27,58560554,40673999000
281,2008-04-19,1,3,4,6,14,41,12,37,42018465,40800514000
282,2008-04-26,2,5,10,18,31,32,30,32,48199836,41051175000
283,2008-05-03,6,8,18,31,38,45,42,24,65358846,40133316000
284,2008-05-10,2,7,15,24,30,45,28,14,111344297,39773403000
285,2008-05-17,13,33,37,40,41,45,2,26,60853272,40364871000
286,2008-05-24,1,15,19,40,42,44,17,27,59936413,40944483000
287,2008-05-31,6,12,24,27,35,37,41,37,41894594,40623489000
288,2008-06-07,1,12,17,28,35,41,10,24,65479488,39970134000
289,2008-06-14,3,14,33,37,38,42,10,24,63761694,39406643000
290,2008-06-21,8,13,18,32,39,45,7,61,51251650,80362302000
291,2008-06-28,3,7,8,18,20,42,45,39,43393575,44143418000
292,2008-07-05,17,18,31,32,33,34,10,37,45428988,43394631000
293,2008-07-12,1,9,17,21,29,33,24,21,78893543,42399708000
294,2008-07-19,6,10,17,30,37,38,40,26,61705256,41563813000
295,2008-07-26,1,4,12,16,18,38,8,26,62969875,42248135000
296,2008-08-02,3,8,15,27,30,45,44,53,46243415,63377899000
297,2008-08-09,6,11,19,20,28,32,34,28,60198438,43641475000
298,2008-08-16,5,9,27,29,37,40,19,40,41290744,43151675000
299,2008-08-23,1,3,20,25,36,45,24,29,59691999,44463909000
300,2008-08-30,7,9,10,12,26,38,39,34,49181908,44465047000
301,2008-09-06,7,11,13,33,37,43,26,47,35927997,44377177000
302,2008-09-13,13,19,20,32,38,42,4,44,41455813,46382605000
303,2008-09-20,2,14,17,30,38,45,43,29,57681000,42841760000
304,2008-09-27,4,10,16,26,33,41,38,37,44909356,43158653000
305,2008-10-04,7,8,18,21,23,39,9,34,49220837,43960659000
306,2008-10-11,4,18,23,30,34,41,19,23,76183679,44421462000
307,2008-10-18,5,15,21,23,25,45,12,28,61610554,43880990000
308,2008-10-25,14,15,17,19,37,45,40,27,63165882,43339416000
309,2008-11-01,1,2,5,11,18,36,22,25,66119016,44157528000
310,2008-11-08,1,5,19,28,34,41,16,29,59619004,43718082000
311,2008-11-15,4,12,24,27,28,32,10,43,38378018,43209215000
312,2008-11-22,2,3,5,6,12,20,25,58,27112838,42255391000
313,2008-11-29,9,17,34,35,43,45,2,26,65977800,43672096000
314,2008-12-06,15,17,19,34,38,41,2,24,69188009,42328094000
315,2008-12-13,1,13,33,35,43,45,23,32,54530360,44339180000
316,2008-12-20,10,11,21,27,31,39,43,29,57709876,44073768000
317,2008-12-27,3,10,11,22,36,39,8,25,68700228,44135114000
318,2009-01-03,2,17,19,20,34,45,21,28,64684104,46663728000
319,2009-01-10,5,8,22,28,33,42,37,26,68450622,45435183000
320,2009-01-17,16,19,23,25,41,45,3,25,73507572,46659886000
321,2009-01-24,12,18,20,21,25,34,42,35,55975318,50617982000
322,2009-01-31,9,18,29,32,38,43,20,29,65673956,48948294000
323,2009-02-07,10,14,15,32,36,42,3,27,72149402,49209477000
324,2009-02-14,2,4,21,25,33,36,17,40,46628259,47988317000
325,2009-02-21,7,17,20,32,44,45,33,33,54730984,46636979000
326,2009-02-28,16,23,25,33,36,39,40,31,59101115,47224551000
327,2009-03-07,6,12,13,17,32,44,24,39,45265372,45791560000
328,2009-03-14,1,6,9,16,17,28,24,30,60659864,47316988000
329,2009-03-21,9,17,19,30,35,42,4,33,55466400,47198504000
330,2009-03-28,3,4,16,17,19,20,23,32,54481885,45859496000
331,2009-04-04,4,9,14,26,31,44,39,45,40109308,46641467000
332,2009-04-11,16,17,34,36,42,45,3,37,48989132,46042557000
333,2009-04-18,5,14,27,30,39,43,35,36,50263473,46019070000
334,2009-04-25,13,15,21,29,39,43,33,31,57317317,44439656000
335,2009-05-02,5,9,16,23,26,45,21,28,60639658,43977478000
336,2009-05-09,3,5,20,34,35,44,16,30,56187755,43069333000
337,2009-05-16,1,5,14,18,32,37,4,33,50808102,43432467000
338,2009-05-23,2,13,34,38,42,45,16,39,43377321,43136020000
339,2009-05-30,6,8,14,21,30,37,45,32,51411485,42035640000
340,2009-06-06,18,24,26,29,34,38,32,35,47979773,42892121000
341,2009-06-13,1,8,19,34,39,43,41,33,52931588,44722448000
342,2009-06-20,1,13,14,33,34,43,25,29,59553376,43782188000
343,2009-06-27,1,10,17,29,31,43,15,29,59212173,43656460000
344,2009-07-04,1,2,15,28,34,45,38,23,74418448,43838886000
345,2009-07-11,15,20,23,29,39,42,2,38,45645418,43530937000
346,2009-07-18,5,13,14,22,44,45,33,26,64670749,42862389000
347,2009-07-25,3,8,13,27,32,42,10,38,44720922,44219740000
348,2009-08-01,3,14,17,20,24,31,34,37,44594514,42786310000
349,2009-08-08,5,13,14,20,24,25,36,37,45313636,43433870000
350,2009-08-15,1,8,18,24,29,33,35,23,71807770,42681094000
351,2009-08-22,5,25,27,29,34,36,33,29,59387521,43947492000
352,2009-08-29,5,16,17,20,26,41,24,29,59753733,44719545000
353,2009-09-05,11,16,19,22,29,36,26,29,60814233,44552925000
354,2009-09-12,14,19,36,43,44,45,1,34,52070205,44709689000
355,2009-09-19,5,8,29,30,35,44,38,24,74493917,45017050000
356,2009-09-26,2,8,14,25,29,45,24,37,46912917,44684958000
357,2009-10-03,10,14,18,21,36,37,5,27,65597462,45232409000
358,2009-10-10,1,9,10,12,21,40,37,44,39461988,45651829000
359,2009-10-17,1,10,19,20,24,40,23,37,46368022,45288256000
360,2009-10-24,4,16,23,25,35,40,27,33,54041155,45719032000
361,2009-10-31,5,10,16,24,27,35,33,34,50548068,45062676000
362,2009-11-07,2,3,22,27,30,40,29,26,66516333,44336363000
363,2009-11-14,11,12,14,21,32,38,6,33,52846679,44863948000
364,2009-11-21,2,5,7,14,16,40,4,37,45620087,44192004000
365,2009-11-28,5,15,21,25,26,30,31,35,50941509,45806066000
366,2009-12-05,5,12,19,26,27,44,38,39,45739777,45962166000
367,2009-12-12,3,22,25,29,32,44,19,37,49874578,46459307000
368,2009-12-19,11,21,24,30,39,45,26,38,45003403,43746046000
369,2009-12-26,17,20,35,36,41,43,21,31,59425089,46716275000
370,2010-01-02,16,18,24,42,44,45,17,32,61211425,49762652000
371,2010-01-09,7,9,15,26,27,42,18,29,61315597,45843166000
372,2010-01-16,8,11,14,16,18,21,13,37,48348373,46167066000
373,2010-01-23,15,26,37,42,43,45,9,29,64179337,47095065000
374,2010-01-30,11,13,15,17,25,34,26,27,68255776,48081319000
375,2010-02-06,4,8,19,25,27,45,7,42,43924558,47864938000
376,2010-02-13,1,11,13,24,28,40,7,51,38370899,50657096000
377,2010-02-20,6,22,29,37,43,45,23,22,88911032,49218434000
378,2010-02-27,5,22,29,31,34,39,43,30,64380507,48866964000
379,2010-03-06,6,10,22,31,35,40,19,71,26274645,47537685000
380,2010-03-13,1,2,8,17,26,37,27,42,42607537,47164371000
381,2010-03-20,1,5,10,12,16,20,11,62,28895267,47943113000
382,2010-03-27,10,15,22,24,27,42,19,32,57708591,47401288000
383,2010-04-03,4,15,28,33,37,40,25,28,64223609,46067051000
384,2010-04-10,11,22,24,32,36,38,7,41,44618710,46888942000
385,2010-04-17,7,12,19,21,29,32,9,36,49973282,46243483000
386,2010-04-24,4,7,10,19,31,40,26,59,29461959,45907331000
387,2010-05-01,1,26,31,34,40,43,20,26,68603424,45459960000
388,2010-05-08,1,8,9,17,29,32,45,30,56567642,44308705000
389,2010-05-15,7,16,18,20,23,26,3,36,49051552,45534027000
390,2010-05-22,16,17,28,37,39,40,15,37,46729721,44189673000
391,2010-05-29,10,11,18,22,28,39,30,32,54733072,45161516000
392,2010-06-05,1,3,7,8,24,42,43,30,57117624,45528684000
393,2010-06-12,9,16,28,40,41,43,21,35,51885866,45989116000
394,2010-06-19,1,13,20,22,25,28,15,33,53809844,45192337000
395,2010-06-26,11,15,20,26,31,35,7,42,42628750,46192580000
396,2010-07-03,18,20,31,34,40,45,30,34,51927671,45463736000
397,2010-07-10,12,13,17,22,25,33,8,31,56443867,45890007000
398,2010-07-17,10,15,20,23,42,44,7,31,57647862,45427304000
399,2010-07-24,1,2,9,17,19,42,20,40,42561833,45551786000
400,2010-07-31,9,21,27,34,41,43,2,30,59329652,45379731000
401,2010-08-07,6,12,18,31,38,43,9,29,60424904,43491965000
402,2010-08-14,5,9,15,19,22,36,32,41,43287906,45002946000
403,2010-08-21,10,14,22,24,28,37,26,43,41131723,44911335000
404,2010-08-28,5,20,21,24,33,40,36,26,68589604,45389825000
405,2010-09-04,1,2,10,25,26,44,4,35,50626829,45220904000
406,2010-09-11,7,12,21,24,27,36,45,33,54448042,46062206000
407,2010-09-18,6,7,13,16,24,25,1,27,71283649,48429586000
408,2010-09-25,9,20,21,22,30,37,16,33,56448885,46406711000
409,2010-10-02,6,9,21,31,32,40,38,36,53647959,47924584000
410,2010-10-09,1,3,18,32,40,41,16,37,50648745,47467817000
411,2010-10-16,11,14,22,35,37,39,5,36,52957087,47259122000
412,2010-10-23,4,7,39,41,42,45,40,34,56830387,47066180000
413,2010-10-30,2,9,15,23,34,40,3,36,52123584,46925724000
414,2010-11-06,2,14,15,22,23,44,43,35,55732536,46910990000
415,2010-11-13,7,17,20,26,30,40,24,35,50825997,46746048000
416,2010-11-20,5,6,8,11,22,26,44,32,55835266,46854806000
417,2010-11-27,4,5,14,20,22,43,44,34,55261372,45968256000
418,2010-12-04,11,13,15,26,28,34,31,46,41613037,47058055000
419,2010-12-11,2,11,13,14,28,30,7,33,57522588,46508296000
420,2010-12-18,4,9,10,29,31,34,27,35,54280243,47345476000
421,2010-12-25,6,11,26,27,28,44,30,36,53730193,47752021000
422,2011-01-01,8,15,19,21,34,44,12,21,105011971,52730602000
423,2011-01-08,1,17,27,28,29,40,5,47,41448446,49668311000
424,2011-01-15,10,11,26,31,34,44,30,51,36257543,48728445000
425,2011-01-22,8,10,14,27,33,38,3,41,49913269,50459694000
426,2011-01-29,4,17,18,27,39,43,19,63,32351679,51466592000
427,2011-02-05,6,7,15,24,28,30,21,33,63492150,52511055000
428,2011-02-12,12,16,19,22,37,40,8,30,71884161,54685007000
429,2011-02-19,3,23,28,34,39,42,16,37,60239381,53993833000
430,2011-02-26,1,3,16,18,30,34,44,45,47755948,53194872000
431,2011-03-05,18,22,25,31,38,45,6,43,49164110,51661947000
432,2011-03-12,2,3,5,11,27,39,33,48,39920618,52348574000
433,2011-03-19,19,23,29,33,35,43,27,41,52866824,52396606000
434,2011-03-26,3,13,20,24,33,37,35,37,53335506,51579439000
435,2011-04-02,8,16,26,30,38,45,42,31,69223119,52341267000
436,2011-04-09,9,14,20,22,33,34,28,44,45826260,50869017000
437,2011-04-16,11,16,29,38,41,44,21,33,63522590,50798417000
438,2011-04-23,6,12,20,26,29,38,45,41,50383250,50370042000
439,2011-04-30,17,20,30,31,37,40,25,33,57578103,49680708000
440,2011-05-07,10,22,28,34,36,44,2,41,48679830,49810778000
441,2011-05-14,1,23,28,30,34,35,9,42,50324081,50272122000
442,2011-05-21,25,27,29,36,38,40,41,27,78522947,51219943000
443,2011-05-28,4,6,10,19,20,44,14,41,48570644,51236072000
444,2011-06-04,11,13,23,35,43,45,17,26,79888243,50673529000
445,2011-06-11,13,20,21,30,39,45,32,28,74653460,50053080000
446,2011-06-18,1,11,12,14,26,35,6,41,49405459,50595241000
447,2011-06-25,2,7,8,9,17,33,34,31,57160025,49555042000
448,2011-07-02,3,7,13,27,40,41,36,35,57517325,51341262000
449,2011-07-09,3,10,20,26,35,43,36,39,52047632,50214272000
450,2011-07-16,6,14,19,21,23,31,13,34,58540931,49732036000
451,2011-07-23,12,15,20,24,30,38,29,31,61654873,49861167000
452,2011-07-30,8,10,18,30,32,34,27,48,39903188,48456758000
453,2011-08-06,12,24,33,38,40,42,30,36,52378065,48055125000
454,2011-08-13,13,25,27,34,38,41,10,43,43658447,48389211000
455,2011-08-20,4,19,20,26,30,35,24,32,59635315,48769851000
456,2011-08-27,1,7,12,18,23,27,44,39,47818528,49420681000
457,2011-09-03,8,10,18,23,27,40,33,47,41131306,49679052000
458,2011-09-10,4,9,10,32,36,40,18,52,41251606,53778256000
459,2011-09-17,4,6,10,14,25,40,12,46,41995999,49890095000
460,2011-09-24,8,11,28,30,43,45,41,30,70686573,51917635000
461,2011-10-01,11,18,26,31,37,40,43,32,60896090,50624588000
462,2011-10-08,3,20,24,32,37,45,4,39,50719976,49325555000
463,2011-10-15,23,29,31,33,34,44,40,37,54687384,49205151000
464,2011-10-22,6,12,15,34,42,44,4,78,67273025,126772274000
465,2011-10-29,1,8,11,13,22,38,31,46,48788552,57793294000
466,2011-11-05,4,10,13,23,32,44,20,55,41735822,58314753000
467,2011-11-12,2,12,14,17,24,40,39,33,65247322,57383906000
468,2011-11-19,8,13,15,28,37,43,17,33,69418054,55598552000
469,2011-11-26,4,21,22,34,37,38,33,33,67275379,53364940000
470,2011-12-03,10,16,20,39,41,42,27,27,80246864,53912965000
471,2011-12-10,6,13,29,37,39,41,43,30,75418500,53492340000
472,2011-12-17,16,25,26,31,36,43,44,23,91794150,51929207000
473,2011-12-24,8,13,20,22,23,36,34,36,60192928,52867236000
474,2011-12-31,4,13,18,31,33,45,43,48,48785980,58978482000
475,2012-01-07,1,9,14,16,21,29,3,33,68441336,56043275000
476,2012-01-14,9,12,13,15,37,38,27,34,67448069,55591819000
477,2012-01-21,14,25,29,32,33,45,37,33,77535832,60801409000
478,2012-01-28,18,29,30,37,39,43,8,35,65814984,54975901000
479,2012-02-04,8,23,25,27,35,44,24,34,65677839,54848834000
480,2012-02-11,3,5,10,17,30,31,16,50,39956564,55415681000
481,2012-02-18,3,4,23,29,40,41,20,34,68225820,55642616000
482,2012-02-25,1,10,16,24,25,35,43,30,73808046,56201452000
483,2012-03-03,12,15,19,22,28,34,5,53,40364728,55582659000
484,2012-03-10,1,3,27,28,32,45,11,32,72040721,55885979000
485,2012-03-17,17,22,26,27,36,39,20,33,68248860,55692878000
486,2012-03-24,1,2,23,25,38,40,43,29,75357722,54540823000
487,2012-03-31,4,8,25,27,37,41,21,46,47502342,55276503000
488,2012-04-07,2,8,17,30,31,38,25,33,67191595,54213092000
489,2012-04-14,2,4,8,15,20,27,11,52,40506936,53558490000
490,2012-04-21,2,7,26,29,40,43,42,29,74837007,52590121000
491,2012-04-28,8,17,35,36,39,42,4,31,71067408,53413874000
492,2012-05-05,22,27,31,35,37,40,42,40,51937788,51693454000
493,2012-05-12,20,22,26,33,36,37,25,27,80617797,53231838000
494,2012-05-19,5,7,8,15,30,43,22,40,52729421,53321589000
495,2012-05-26,4,13,22,27,34,44,6,44,47991932,53645960000
496,2012-06-02,4,13,20,29,36,41,39,46,47622207,52915804000
497,2012-06-09,19,20,23,24,43,44,13,30,74093928,52411585000
498,2012-06-16,13,14,24,32,39,41,3,35,61800059,52851253000
499,2012-06-23,5,20,23,27,35,40,43,46,44244351,52767632000
500,2012-06-30,3,4,12,20,24,34,41,68,29803068,54012267000
501,2012-07-07,1,4,10,17,31,42,2,61,33062297,52717711000
502,2012-07-14,6,22,28,32,34,40,26,31,71014779,54000640000
503,2012-07-21,1,5,27,30,34,36,40,42,51489859,53572205000
504,2012-07-28,6,14,22,26,43,44,31,29,74650188,51787037000
505,2012-08-04,7,20,22,25,38,40,44,38,50472505,49103223000
506,2012-08-11,6,9,11,22,24,30,31,33,61717180,52363311000
507,2012-08-18,12,13,32,33,40,41,4,29,73264080,53638773000
508,2012-08-25,5,27,31,34,35,43,37,31,68798188,54010391000
509,2012-09-01,12,25,29,35,42,43,24,34,65908728,53390358000
510,2012-09-08,12,29,32,33,39,40,42,25,88138605,53964992000
511,2012-09-15,3,7,14,23,26,42,24,37,58529169,53970308000
512,2012-09-22,4,5,9,13,26,27,1,52,39170603,54017801000
513,2012-09-29,5,8,21,23,27,33,12,54,42496526,58317548000
514,2012-10-06,1,15,20,26,35,42,9,36,61820216,54452404000
515,2012-10-13,2,11,12,15,23,37,8,35,62859367,55258935000
516,2012-10-20,2,8,23,41,43,44,30,32,74146313,56385762000
517,2012-10-27,1,9,12,28,36,41,10,40,55397036,54468223000
518,2012-11-03,14,23,30,32,34,38,6,34,66582475,55321566000
519,2012-11-10,6,8,13,16,30,43,3,32,71115676,55614206000
520,2012-11-17,4,22,27,28,38,40,1,37,58573120,55003797000
521,2012-11-24,3,7,18,29,32,36,19,53,42601785,56185373000
522,2012-12-01,4,5,13,14,37,41,11,39,58503154,57053378000
523,2012-12-08,1,4,37,38,40,45,7,43,48304229,53678449000
524,2012-12-15,10,11,29,38,41,45,21,36,64661030,55662103000
525,2012-12-22,11,23,26,29,39,44,22,41,54919478,55566007000
526,2012-12-29,7,14,17,20,35,39,31,49,45643836,56527807000
527,2013-01-05,1,12,22,32,33,42,38,29,77132315,56985634000
528,2013-01-12,5,17,25,31,39,40,10,86,25536397,57548541000
529,2013-01-19,18,20,24,27,31,42,39,33,70671305,57645779000
530,2013-01-26,16,23,27,29,33,41,22,40,56450911,56241083000
531,2013-02-02,1,5,9,21,27,35,45,42,54339992,57567064000
532,2013-02-09,16,17,23,24,29,44,3,26,99476116,61687384000
533,2013-02-16,9,14,15,17,31,33,23,44,54111260,59275357000
534,2013-02-23,10,24,26,29,37,38,32,55,43078071,59227462000
535,2013-03-02,11,12,14,15,18,39,34,31,79606500,60523884000
536,2013-03-09,7,8,18,32,37,43,12,40,59973999,59763469000
537,2013-03-16,12,23,26,30,36,43,11,35,70134631,59453323000
538,2013-03-23,6,10,18,31,32,34,11,48,48833559,59233373000
539,2013-03-30,3,19,22,31,42,43,26,42,57894167,59168870000
540,2013-04-06,3,12,13,15,34,36,14,26,89266390,56739658000
541,2013-04-13,8,13,26,28,32,34,43,40,58177496,57087047000
542,2013-04-20,5,6,19,26,41,45,34,26,89813561,56949161000
543,2013-04-27,13,18,26,31,34,44,12,47,47358930,56570245000
544,2013-05-04,5,17,21,25,36,44,10,47,48237765,56056189000
545,2013-05-11,4,24,25,27,34,35,2,42,52337056,55967171000
546,2013-05-18,8,17,20,27,37,43,6,55,36903632,56713166000
547,2013-05-25,6,7,15,22,34,39,28,54,43803156,57968466000
548,2013-06-01,1,12,13,21,32,45,14,46,50344113,57771827000
549,2013-06-08,29,31,35,38,40,44,17,35,67078288,56864611000
550,2013-06-15,1,7,14,20,34,37,41,58,35360550,56441770000
551,2013-06-22,3,6,20,24,27,44,25,32,70452989,56989370000
552,2013-06-29,1,10,20,32,35,40,43,45,49289787,57602386000
553,2013-07-06,2,7,17,28,29,39,37,52,43262144,56487483000
554,2013-07-13,13,14,17,32,41,42,6,41,55397510,56124466000
555,2013-07-20,11,17,21,24,26,36,12,46,49594996,57273817000
556,2013-07-27,12,20,23,28,30,44,43,41,57058798,57374791000
557,2013-08-03,4,20,26,28,35,40,31,43,51226687,55086560000
558,2013-08-10,12,15,19,26,40,43,29,51,43003715,54939001000
559,2013-08-17,11,12,25,32,44,45,23,42,53504045,55733418000
560,2013-08-24,1,4,20,23,29,45,28,40,57653669,56565298000
561,2013-08-31,5,7,18,37,42,45,20,41,55969761,56638383000
562,2013-09-07,4,11,13,17,20,31,33,51,41940003,56288212000
563,2013-09-14,5,10,16,17,31,32,21,38,59338375,57320132000
564,2013-09-21,14,19,25,26,27,34,2,32,70539625,58012468000
565,2013-09-28,4,10,18,27,40,45,38,39,59557760,59556622000
566,2013-10-05,4,5,6,25,26,43,41,35,66837163,57666611000
567,2013-10-12,1,10,15,16,32,41,28,53,43748292,57439471000
568,2013-10-19,1,3,17,20,31,44,40,50,43505585,57681628000
569,2013-10-26,3,6,13,23,24,35,1,36,64220837,58441902000
570,2013-11-02,1,12,26,27,29,33,42,38,60307565,57654279000
571,2013-11-09,11,18,21,26,38,43,29,33,69524088,56493528000
572,2013-11-16,3,13,18,33,37,45,1,53,41967703,56473602000
573,2013-11-23,2,4,20,34,35,43,14,50,43885114,56092721000
574,2013-11-30,14,15,16,19,25,43,2,33,70355404,55882933000
575,2013-12-07,2,8,20,30,33,34,6,45,50348678,56330738000
576,2013-12-14,10,11,15,25,35,41,13,54,40018204,54691148000
577,2013-12-21,16,17,22,31,34,37,33,42,53386172,57010827000
578,2013-12-28,5,12,14,32,34,42,16,43,54195089,58584741000
579,2014-01-04,5,7,20,22,37,42,39,46,55640409,63532871000
580,2014-01-11,5,7,9,11,32,35,33,42,56350292,60514216000
581,2014-01-18,3,5,14,20,42,44,33,39,63061694,60257457000
582,2014-01-25,2,12,14,33,40,41,25,57,41643962,59306953000
583,2014-02-01,8,17,27,33,40,44,24,51,48236379,62675295000
584,2014-02-08,7,18,30,39,40,41,36,32,78643489,61343856000
585,2014-02-15,6,7,10,16,38,41,4,45,54018212,60253002000
586,2014-02-22,2,7,12,15,21,34,5,46,51546503,59502096000
587,2014-03-01,14,21,29,31,32,37,17,43,57843923,59715499000
588,2014-03-08,2,8,15,22,25,41,30,43,55995002,59533101000
589,2014-03-15,6,8,28,33,38,39,22,42,59357722,60643729000
590,2014-03-22,20,30,36,38,41,45,23,31,82238107,60003131000
591,2014-03-29,8,13,14,30,38,39,5,38,65014829,59373946000
592,2014-04-05,2,5,6,13,28,44,43,28,84156489,58097477000
593,2014-04-12,9,10,13,24,33,38,28,62,37084682,59368204000
594,2014-04-19,2,8,13,25,28,37,3,42,54807623,57764442000
595,2014-04-26,8,24,28,35,38,40,5,54,43074697,57797288000
596,2014-05-03,3,4,12,14,25,43,17,41,53994621,56561071000
597,2014-05-10,8,10,23,24,35,43,37,46,49829594,56832361000
598,2014-05-17,4,12,24,33,38,45,22,50,44479925,57518550000
599,2014-05-24,5,12,17,29,34,35,27,43,53051732,57381791000
600,2014-05-31,5,11,14,27,29,36,44,41,54987728,56372519000
601,2014-06-07,2,16,19,31,34,35,37,28,81673137,55868455000
602,2014-06-14,13,14,22,27,30,38,2,42,53635901,56262855000
603,2014-06-21,2,19,25,26,27,43,28,30,76714146,56276650000
604,2014-06-28,2,6,18,21,33,34,30,36,62595172,56266399000
605,2014-07-05,1,2,7,9,10,38,42,40,52283710,56622924000
606,2014-07-12,1,5,6,14,20,39,22,44,49680563,56928896000
607,2014-07-19,8,14,23,36,38,39,13,35,66561542,56806213000
608,2014-07-26,4,8,18,19,39,44,41,32,70857866,56146117000
609,2014-08-02,4,8,27,34,39,40,13,47,44959656,54858201000
610,2014-08-09,14,18,20,23,28,36,33,34,68941537,56862756000
611,2014-08-16,2,22,27,33,36,37,14,47,49683776,57411079000
612,2014-08-23,6,9,18,19,25,33,40,59,36719655,56931314000
613,2014-08-30,7,8,11,16,41,44,35,30,77491561,57986249000
614,2014-09-06,8,21,25,39,40,44,18,46,55238597,62301977000
615,2014-09-13,10,17,18,19,23,27,35,31,74277214,59072378000
616,2014-09-20,5,13,18,23,40,45,3,49,49341161,60303360000
617,2014-09-27,4,5,11,12,24,27,28,43,50533391,58958123000
618,2014-10-04,8,16,25,30,42,43,15,45,53357894,58550803000
619,2014-10-11,6,8,13,30,35,40,21,59,39088809,58822925000
620,2014-10-18,2,16,17,32,39,45,40,44,53780238,58342777000
621,2014-10-25,1,2,6,16,19,42,9,62,38060057,59407216000
622,2014-11-01,9,15,16,21,28,34,24,34,71938160,59601329000
623,2014-11-08,7,13,30,39,41,45,25,35,69093433,58504142000
624,2014-11-15,1,7,19,26,27,35,16,61,37755867,57832726000
625,2014-11-22,3,6,7,20,21,39,13,45,51207124,58614979000
626,2014-11-29,13,14,26,33,40,43,15,45,50899885,58986187000
627,2014-12-06,2,9,22,25,31,45,12,35,64391936,55981334000
628,2014-12-13,1,7,12,15,23,42,11,37,60808495,57253109000
629,2014-12-20,19,28,31,38,43,44,1,34,71554745,57618701000
630,2014-12-27,8,17,21,24,27,31,15,48,50378183,61335894000
631,2015-01-03,1,2,4,23,31,34,8,46,56809472,65300621000
632,2015-01-10,15,18,21,32,35,44,6,52,50507901,63066603000
633,2015-01-17,9,12,19,20,39,41,13,47,51798175,62015797000
634,2015-01-24,4,10,11,12,20,27,38,54,43250483,63149567000
635,2015-01-31,11,13,25,26,29,33,32,35,70689038,62429621000
636,2015-02-07,6,7,15,16,20,31,26,44,55526128,62786394000
637,2015-02-14,3,16,22,37,38,44,23,45,57766535,63504865000
638,2015-02-21,7,18,22,24,31,34,6,41,63438302,64319586000
639,2015-02-28,6,15,22,23,25,32,40,45,60165707,66202599000
640,2015-03-07,14,15,18,21,26,35,23,48,54024027,64080502000
641,2015-03-14,11,18,21,36,37,43,12,50,53068655,63773134000
642,2015-03-21,8,17,18,24,39,45,32,62,40369692,63544224000
643,2015-03-28,15,24,31,32,33,40,13,43,58971248,63110068000
644,2015-04-04,5,13,17,23,28,36,8,49,49835407,61846599000
645,2015-04-11,1,4,16,26,40,41,31,28,88007090,62661756000
646,2015-04-18,2,9,24,41,43,45,30,36,71798560,62308090000
647,2015-04-25,5,16,21,23,24,30,29,44,58060907,62314338000
648,2015-05-02,13,19,28,37,38,43,4,45,54988577,60874405000
649,2015-05-09,3,21,22,33,41,42,20,45,54593373,60473178000
650,2015-05-16,3,4,7,11,31,41,35,45,52764795,60991082000
651,2015-05-23,11,12,16,26,29,44,18,35,70678342,61494891000
652,2015-05-30,3,13,15,40,41,44,20,36,69525082,60426977000
653,2015-06-06,5,6,26,27,38,39,1,56,40873278,59716037000
654,2015-06-13,16,21,26,31,36,43,6,69,36315003,60697813000
655,2015-06-20,7,37,38,39,40,44,18,41,60784377,60434801000
656,2015-06-27,3,7,14,16,31,40,39,48,50902797,61328118000
657,2015-07-04,10,14,19,39,40,43,23,52,48887389,61769837000
658,2015-07-11,8,19,25,28,32,36,37,38,64501239,61131243000
659,2015-07-18,7,18,19,27,29,42,45,40,61261027,61677747000
660,2015-07-25,4,9,23,33,39,44,14,48,49349743,60813322000
661,2015-08-01,2,3,12,20,27,38,40,63,36254509,59597375000
662,2015-08-08,5,6,9,11,15,37,26,43,52394844,59164542000
663,2015-08-15,3,5,8,19,38,42,20,60,40449192,61100704000
664,2015-08-22,10,20,33,36,41,44,5,44,58212172,61921689000
665,2015-08-29,5,6,11,17,38,44,13,30,80960675,61885874000
666,2015-09-05,2,4,6,11,17,28,16,47,50997895,62652917000
667,2015-09-12,15,17,25,37,42,43,13,40,65005629,63421632000
668,2015-09-19,12,14,15,24,27,32,3,56,44511290,63346405000
669,2015-09-26,7,8,20,29,33,38,9,52,52080254,67952211000
670,2015-10-03,11,18,26,27,40,41,25,39,61114114,62242687000
671,2015-10-10,7,9,10,13,31,35,24,48,51698929,63940807000
672,2015-10-17,8,21,28,31,36,45,43,46,57219946,63542330000
673,2015-10-24,7,10,17,29,33,44,5,35,71021586,63163578000
674,2015-10-31,9,10,14,25,27,31,11,48,49182375,61386974000
675,2015-11-07,1,8,11,15,18,45,7,65,36046657,60458623000
676,2015-11-14,1,8,17,34,39,45,27,63,39782572,62147642000
677,2015-11-21,12,15,24,36,41,44,42,37,69229348,62267624000
678,2015-11-28,4,5,6,12,25,37,45,41,55816834,60887293000
679,2015-12-05,3,5,7,14,26,34,35,54,44182186,62220918000
680,2015-12-12,4,10,19,29,32,42,30,44,58893894,64245201000
681,2015-12-19,21,24,27,29,43,44,7,37,72873756,63268253000
682,2015-12-26,17,23,27,35,38,43,2,56,48377543,66757858000
683,2016-01-02,6,13,20,27,28,40,15,45,59907016,71940091000
684,2016-01-09,1,11,15,17,25,39,40,62,40858445,66623887000
685,2016-01-16,6,7,12,28,38,40,18,52,52686040,69126675000
686,2016-01-23,7,12,15,24,25,43,13,36,71760435,65274010000
687,2016-01-30,1,8,10,13,28,42,45,38,71579719,68044669000
688,2016-02-06,5,15,22,23,34,35,2,53,55685003,73095612000
689,2016-02-13,7,17,19,30,36,38,34,44,61562241,67460147000
690,2016-02-20,24,25,33,34,38,39,43,34,82831444,69142025000
691,2016-02-27,15,27,33,35,43,45,16,31,91590218,68590328000
692,2016-03-05,3,11,14,15,32,36,44,44,61018621,66390499000
693,2016-03-12,1,6,11,28,34,42,30,43,63673016,67352935000
694,2016-03-19,7,15,20,25,33,43,12,78,33227274,67533257000
695,2016-03-26,4,18,26,33,34,38,14,66,40283746,67672085000
696,2016-04-02,1,7,16,18,34,38,21,44,61820243,67542971000
697,2016-04-09,2,5,8,11,33,39,31,90,28360057,66966141000
698,2016-04-16,3,11,13,21,33,37,18,48,53363448,66283268000
699,2016-04-23,4,5,8,16,21,29,3,50,53210970,66743146000
700,2016-04-30,11,23,28,29,30,44,13,41,67710543,66846276000
701,2016-05-07,3,10,14,16,36,38,35,40,65965966,64454138000
702,2016-05-14,3,13,16,24,26,29,9,46,58391324,66219854000
703,2016-05-21,10,28,31,33,41,44,21,51,52872290,65728988000
704,2016-05-28,1,4,8,23,33,42,45,47,54825395,65930117000
705,2016-06-04,1,6,17,22,28,45,23,49,54247708,65859843000
706,2016-06-11,3,4,6,10,28,30,37,51,50088184,65723488000
707,2016-06-18,2,12,19,24,39,44,35,74,35734252,66813924000
708,2016-06-25,2,10,16,19,34,45,1,52,52558362,66806307000
709,2016-07-02,10,18,30,36,39,44,32,44,61794708,65592504000
710,2016-07-09,3,4,9,24,25,33,10,57,42331011,65083972000
711,2016-07-16,11,15,24,35,37,45,42,44,60385961,66152746000
712,2016-07-23,17,20,30,31,33,45,19,47,57226740,66136318000
713,2016-07-30,2,5,15,18,19,23,44,50,51441628,64646552000
714,2016-08-06,1,7,22,33,37,40,20,46,52883776,64099989000
715,2016-08-13,2,7,27,33,41,44,10,61,42713286,65794607000
716,2016-08-20,2,6,13,16,29,30,21,35,77642981,67040169000
717,2016-08-27,2,11,19,25,28,32,44,47,57498590,68597839000
718,2016-09-03,4,11,20,23,32,39,40,64,41002162,69400763000
719,2016-09-10,4,8,13,19,20,43,26,58,48609863,71378392000
720,2016-09-17,1,12,29,34,36,37,41,37,77805338,69939090000
721,2016-09-24,1,28,35,41,43,44,31,40,75792246,71627567000
722,2016-10-01,12,14,21,30,39,43,45,46,63266996,69446489000
723,2016-10-08,20,30,33,35,36,44,22,40,70478846,67750231000
724,2016-10-15,2,8,33,35,37,41,14,55,51919630,69987274000
725,2016-10-22,6,7,19,21,41,43,38,47,61600673,70208676000
726,2016-10-29,1,11,21,23,34,44,24,56,48619694,68799295000
727,2016-11-05,7,8,10,19,21,31,20,87,29907105,67559139000
728,2016-11-12,3,6,10,30,34,37,36,56,48265840,68306112000
729,2016-11-19,11,17,21,26,36,45,16,35,79966681,68784161000
730,2016-11-26,4,10,14,15,18,22,39,45,59774285,66934105000
731,2016-12-03,2,7,13,25,42,45,39,45,60678880,69239673000
732,2016-12-10,2,4,5,17,27,32,43,45,57121831,68645948000
733,2016-12-17,11,24,32,33,35,40,13,57,46979242,69321488000
734,2016-12-24,6,16,37,38,41,45,18,36,81224813,71457582000
735,2016-12-31,5,10,13,27,37,41,4,50,61574387,77488209000
736,2017-01-07,2,11,17,18,21,27,6,54,52428430,73510203000
737,2017-01-14,13,15,18,24,27,41,11,48,59486959,70775944000
738,2017-01-21,23,27,28,38,42,43,36,48,62417021,71768122000
739,2017-01-28,7,22,29,33,34,35,30,45,70283294,77999661000
740,2017-02-04,4,8,9,16,17,19,31,43,65367195,75186520000
741,2017-02-11,5,21,27,34,44,45,16,55,55338108,74392585000
742,2017-02-18,8,10,13,36,37,40,6,44,67382716,73857792000
743,2017-02-25,15,19,21,34,41,44,10,46,66161185,73436852000
744,2017-03-04,10,15,18,21,34,41,43,61,47352934,73507293000
745,2017-03-11,1,2,3,9,12,23,10,110,22631000,73575119000
746,2017-03-18,3,12,33,36,42,45,25,58,52723027,74239579000
747,2017-03-25,7,9,12,14,23,28,17,59,48386812,73337880000
748,2017-04-01,3,10,13,22,31,32,29,59,49023218,72750277000
749,2017-04-08,12,14,24,26,34,45,41,64,45706660,72252889000
750,2017-04-15,1,2,15,19,24,36,12,44,66873978,72248100000
751,2017-04-22,3,4,16,20,28,44,17,69,40540447,71534233000
752,2017-04-29,4,16,20,33,40,43,7,75,37407177,71600822000
753,2017-05-06,2,17,19,24,37,41,3,58,46743191,68915001000
754,2017-05-13,2,8,17,24,29,31,32,50,57125700,70765850000
755,2017-05-20,13,14,26,28,30,36,37,54,54677217,71300635000
756,2017-05-27,10,14,16,18,27,28,4,53,53686081,70992946000
757,2017-06-03,6,7,11,17,33,44,1,68,38079993,71053002000
758,2017-06-10,5,9,12,30,39,43,24,63,43999365,71764259000
759,2017-06-17,9,33,36,40,42,43,32,44,68924330,72632208000
760,2017-06-24,10,22,27,31,42,43,12,45,66764427,72200797000
761,2017-07-01,4,7,11,24,42,45,30,52,53683057,71415903000
762,2017-07-08,1,3,12,21,26,41,16,53,51302896,70558895000
763,2017-07-15,3,8,16,32,34,43,10,45,63352000,70652100000
764,2017-07-22,7,22,24,31,34,36,15,44,65226623,70318932000
765,2017-07-29,1,3,8,12,42,43,33,54,51352512,70972360000
766,2017-08-05,9,30,34,35,39,41,21,41,70687392,69500769000
767,2017-08-12,5,15,20,31,34,42,22,46,63248301,71285599000
768,2017-08-19,7,27,29,30,38,44,4,53,55743521,72306975000
769,2017-08-26,5,7,11,16,41,45,4,55,52657093,72873431000
770,2017-09-02,1,9,12,23,39,43,34,75,38455100,74166379000
771,2017-09-09,6,10,17,18,21,29,30,49,59355714,73545939000
772,2017-09-16,5,6,11,14,21,41,32,53,55648077,74375369000
773,2017-09-23,8,12,19,21,31,35,44,58,50871937,74560597000
774,2017-09-30,12,15,18,28,34,42,9,60,52241491,77347021000
775,2017-10-07,11,12,29,33,38,42,17,37,78163011,70795452000
776,2017-10-14,8,9,18,21,28,40,20,50,59676853,74826082000
777,2017-10-21,6,12,17,21,34,37,18,66,44199063,75534360000
778,2017-10-28,6,21,35,36,37,41,11,67,46746788,75075606000
779,2017-11-04,6,12,19,24,34,41,4,66,42436370,73773676000
780,2017-11-11,15,17,19,21,27,45,16,45,67936006,74232084000
781,2017-11-18,11,16,18,19,24,39,43,52,54314180,72483157000
782,2017-11-25,6,18,31,34,38,45,20,49,59586356,72253973000
783,2017-12-02,14,15,16,17,38,45,36,36,85258605,73525256000
784,2017-12-09,3,10,23,24,31,39,22,51,56137589,74311382000
785,2017-12-16,4,6,15,25,26,33,40,55,52484049,72974563000
786,2017-12-23,12,15,16,20,24,30,38,96,31606704,75930156000
787,2017-12-30,5,6,13,16,27,28,9,51,60629575,79593923000
788,2018-01-06,2,10,11,19,35,39,29,70,43378993,78121882000
789,2018-01-13,2,6,7,12,19,45,38,70,40749173,76136603000
790,2018-01-20,3,8,19,27,30,41,12,59,52452713,78978881000
791,2018-01-27,2,10,12,31,33,42,32,38,76943625,74205844000
792,2018-02-03,2,7,19,25,29,36,16,65,47667071,76339003000
793,2018-02-10,10,15,21,35,38,43,31,61,51231514,76177477000
794,2018-02-17,6,7,18,19,30,38,13,45,68728082,79941579000
795,2018-02-24,3,10,13,26,34,38,36,62,50711686,79661342000
796,2018-03-03,1,21,26,36,40,41,5,46,70088524,77685943000
797,2018-03-10,5,22,31,32,39,45,36,34,94001103,77339940000
798,2018-03-17,2,10,14,22,32,36,41,60,52709843,77038759000
799,2018-03-24,12,17,23,34,42,45,33,56,54357954,76708986000
800,2018-03-31,1,4,10,12,28,45,26,51,58675518,76994062000
801,2018-04-07,17,25,28,37,43,44,2,51,59000959,74034792000
802,2018-04-14,10,11,12,18,24,42,27,67,43102408,75146781000
803,2018-04-21,5,9,14,26,30,43,2,50,61063504,75670793000
804,2018-04-28,1,10,13,26,32,36,9,49,61061095,74557028000
805,2018-05-05,3,12,13,18,31,32,42,53,53661157,73065981000
806,2018-05-12,14,20,23,31,37,38,27,57,54050662,74030583000
807,2018-05-19,6,10,18,25,34,35,33,59,48202363,73831580000
808,2018-05-26,15,21,31,32,41,43,24,46,67122185,74911438000
809,2018-06-02,6,11,15,17,23,40,39,56,52167371,74214104000
810,2018-06-09,5,10,13,21,39,43,11,64,46491626,74388355000
811,2018-06-16,8,11,19,21,36,45,25,49,60098767,74570813000
812,2018-06-23,1,3,12,14,16,43,10,68,43352276,74147816000
813,2018-06-30,11,30,34,35,42,44,27,43,71190127,73394947000
814,2018-07-07,2,21,28,38,42,45,30,52,58984463,74316543000
815,2018-07-14,17,21,25,26,27,36,4,39,77175161,73416400000
816,2018-07-21,12,18,19,29,31,39,7,67,42350407,72397826000
817,2018-07-28,3,9,12,13,25,43,34,54,51902149,72552766000
818,2018-08-04,14,15,25,28,29,30,3,39,76711351,71793353000
819,2018-08-11,16,25,33,38,40,45,15,49,61774640,74578907000
820,2018-08-18,10,21,22,30,35,42,6,60,51414595,75744571000
821,2018-08-25,1,12,13,24,29,44,16,55,55836920,76118239000
822,2018-09-01,9,18,20,24,27,36,12,79,37537334,75681739000
823,2018-09-08,12,18,24,26,39,40,15,61,49422392,77400124000
824,2018-09-15,7,9,24,29,34,38,26,51,61600322,78257422000
825,2018-09-22,8,15,21,31,33,38,42,53,62592852,82890578000
826,2018-09-29,13,16,24,25,33,36,42,47,66229535,78218740000
827,2018-10-06,5,11,12,29,33,44,14,46,65570673,76490125000
828,2018-10-13,4,7,13,29,31,39,18,62,50853274,77552827000
829,2018-10-20,4,5,31,35,43,45,29,45,72434094,77998807000
830,2018-10-27,5,6,16,18,37,38,17,80,38634915,77714000000
831,2018-11-03,3,10,16,19,31,39,9,61,48555290,77622753000
832,2018-11-10,13,14,19,26,40,43,30,60,52205115,77411900000
833,2018-11-17,12,18,30,39,41,42,19,53,59278423,77738402000
834,2018-11-24,6,8,18,35,42,43,3,47,65949044,75941791000
835,2018-12-01,9,10,13,28,38,45,35,58,53175911,77694435000
836,2018-12-08,1,9,11,14,26,28,19,62,47338203,74536697000
837,2018-12-15,2,25,28,30,33,45,6,47,66903173,76614176000
838,2018-12-22,9,14,17,33,36,38,20,68,46736925,79414484000
839,2018-12-29,3,9,11,12,13,19,35,48,61364284,79219710000
840,2019-01-05,2,4,11,28,29,43,27,51,66763458,84057771000
841,2019-01-12,5,11,14,30,33,38,24,88,35934900,81580789000
842,2019-01-19,14,26,32,36,39,42,38,42,80772819,81957444000
843,2019-01-26,19,21,30,33,34,42,4,52,64310419,81857498000
844,2019-02-02,7,8,13,15,33,45,18,73,47793023,87805610000
845,2019-02-09,1,16,29,33,40,45,6,56,61914849,83884034000
846,2019-02-16,5,18,30,41,43,45,13,69,50143713,83936839000
847,2019-02-23,12,16,26,28,30,42,22,40,84028222,83782512000
848,2019-03-02,1,2,16,22,38,39,34,42,83655024,84523266000
849,2019-03-09,5,13,17,29,34,39,3,56,58602081,82333674000
850,2019-03-16,16,20,24,28,36,39,5,55,61410689,81474176000
851,2019-03-23,14,18,22,26,31,44,40,70,47308425,81099116000
852,2019-03-30,11,17,28,30,33,35,9,67,47776552,81470793000
853,2019-04-06,2,8,23,26,27,44,13,90,37398237,82244370000
854,2019-04-13,20,25,31,32,36,43,3,44,77766063,81823338000
855,2019-04-20,8,15,17,19,43,44,7,61,55807636,82374732000
856,2019-04-27,10,24,40,41,43,44,17,53,62546031,80496424000
857,2019-05-04,6,10,16,28,34,38,43,62,51811106,80933117000
858,2019-05-11,9,13,32,38,39,43,23,41,80573688,81366889000
859,2019-05-18,8,22,35,38,39,41,24,51,66644453,80944223000
860,2019-05-25,4,8,18,25,27,32,42,62,50534942,81846672000
861,2019-06-01,11,17,19,21,22,25,24,65,49970348,81032551000
862,2019-06-08,10,34,38,40,42,43,32,63,52164827,80609005000
863,2019-06-15,16,21,28,35,39,43,12,64,52014327,81288540000
864,2019-06-22,3,7,10,13,25,36,32,64,49172110,82220290000
865,2019-06-29,3,15,22,32,33,45,2,52,64655382,81748217000
866,2019-07-06,9,15,29,34,37,39,12,68,49420787,81961886000
867,2019-07-13,14,17,19,22,24,40,41,57,57511042,81607190000
868,2019-07-20,12,17,28,41,43,44,25,61,53013185,80549078000
869,2019-07-27,2,6,20,27,37,39,4,56,57219720,80268389000
870,2019-08-03,21,25,30,32,40,42,31,48,66973715,78688663000
871,2019-08-10,2,6,12,26,30,34,38,61,51984972,79527502000
872,2019-08-17,2,4,30,32,33,43,29,46,73200324,81002518000
873,2019-08-24,3,5,12,13,33,39,38,68,45944932,82375586000
874,2019-08-31,1,15,19,23,28,42,32,68,49284879,82990138000
875,2019-09-07,19,22,30,34,39,44,36,33,100117446,80635281000
876,2019-09-14,5,16,21,26,34,42,24,59,58538134,85088368000
877,2019-09-21,5,17,18,22,23,43,12,75,45776192,84584730000
878,2019-09-28,2,6,11,16,25,31,3,69,46492660,84183676000
879,2019-10-05,1,4,10,14,15,35,20,77,41641057,83174251000
880,2019-10-12,7,17,19,23,24,45,38,52,63668825,83862502000
881,2019-10-19,4,18,20,26,27,32,9,67,49815170,84495552000
882,2019-10-26,18,34,39,43,44,45,23,44,78168000,84351602000
883,2019-11-02,9,18,32,33,37,44,22,65,52327675,85624171000
884,2019-11-09,4,14,23,28,37,45,17,74,48623711,86554613000
885,2019-11-16,1,3,24,27,39,45,31,56,59731618,83396319000
886,2019-11-23,19,23,28,37,42,45,2,59,58820640,84186094000
887,2019-11-30,8,14,17,27,36,45,10,66,51217550,84416872000
888,2019-12-07,3,7,12,31,34,38,32,59,53567440,82777313000
889,2019-12-14,3,13,29,38,39,42,26,60,58582971,86734222000
890,2019-12-21,1,4,14,18,29,37,6,58,60400505,86693498000
891,2019-12-28,9,13,28,31,39,41,19,77,46707182,89742677000
892,2020-01-04,4,9,17,18,26,42,36,78,46569011,93091115000
893,2020-01-11,1,15,17,23,25,41,10,58,61485353,87661567000
894,2020-01-18,19,32,37,40,41,43,45,56,63694714,88465183000
895,2020-01-25,16,26,31,38,39,41,23,58,66485491,96962255000
896,2020-02-01,5,12,25,26,38,45,23,46,77436791,90461998000
897,2020-02-08,6,7,12,22,26,36,29,62,56610196,88231474000
898,2020-02-15,18,21,28,35,37,42,17,56,62840792,90067839000
899,2020-02-22,8,19,20,21,33,39,37,53,63384077,85877347000
900,2020-02-29,7,13,16,18,35,38,14,51,65683361,83639372000
901,2020-03-07,5,18,20,23,30,34,21,67,50775553,84783962000
902,2020-03-14,7,19,23,24,36,39,30,67,52365990,87501981000
903,2020-03-21,2,15,16,21,22,28,45,49,74488330,88625160000
904,2020-03-28,2,6,8,26,43,45,11,92,39392433,88938220000
905,2020-04-04,3,4,16,27,38,40,20,77,45725190,90357634000
906,2020-04-11,2,5,14,28,31,32,20,63,58871602,90948274000
907,2020-04-18,21,27,29,38,40,44,37,67,55112969,89331282000
908,2020-04-25,3,16,21,22,23,44,30,57,66312425,89923601000
909,2020-05-02,7,24,29,30,34,35,33,63,58814000,89543261000
910,2020-05-09,1,11,17,27,35,39,31,72,45758435,86308857000
911,2020-05-16,4,5,12,14,32,42,35,58,60733869,89332410000
912,2020-05-23,5,8,18,21,22,38,10,70,49783353,88599155000
913,2020-05-30,6,14,16,21,27,37,40,66,54091136,89336949000
914,2020-06-06,16,19,24,33,42,44,27,55,65000186,89558503000
915,2020-06-13,2,6,11,13,22,37,14,63,55851437,87862418000
916,2020-06-20,6,21,22,32,35,36,17,70,53045781,89133044000
917,2020-06-27,1,3,23,24,27,43,34,47,76056725,88950867000
918,2020-07-04,7,11,12,31,33,38,5,86,38986837,89200857000
919,2020-07-11,9,14,17,18,42,44,35,56,64064739,90218056000
920,2020-07-18,2,3,26,33,34,43,29,53,68684973,89805177000
921,2020-07-25,5,7,12,22,28,41,1,72,48504047,89888341000
922,2020-08-01,2,6,13,17,27,43,36,89,38403422,89266682000
923,2020-08-08,3,17,18,23,36,41,26,56,63513206,87867402000
924,2020-08-15,3,11,34,42,43,44,13,69,51791972,87708256000
925,2020-08-22,13,24,32,34,39,42,4,68,52090604,87901067000
926,2020-08-29,10,16,18,20,25,31,6,72,47048395,88372251000
927,2020-09-05,4,15,22,38,41,43,26,63,58955618,91067752000
928,2020-09-12,3,4,10,20,28,44,30,81,45148436,90818982000
929,2020-09-19,7,9,12,15,19,23,4,91,38330701,92344620000
930,2020-09-26,8,21,25,38,39,44,28,55,68664699,94518415000
931,2020-10-03,14,15,23,25,35,43,32,54,73015014,95695802000
932,2020-10-10,1,6,15,36,37,38,5,64,61797294,96049289000
933,2020-10-17,23,27,29,31,36,45,37,63,61963960,93484851000
934,2020-10-24,1,3,30,33,36,39,12,66,58240130,93028347000
935,2020-10-31,4,10,20,32,38,44,18,120,30894057,93934898000
936,2020-11-07,7,11,13,17,18,29,43,77,45214218,92246146000
937,2020-11-14,2,10,13,22,29,40,26,57,66206518,93720454000
938,2020-11-21,4,8,10,16,31,36,9,64,58579859,93452425000
939,2020-11-28,4,11,28,39,42,45,6,67,55245571,93340002000
940,2020-12-05,3,15,20,22,24,41,11,51,74407088,93920183000
941,2020-12-12,12,14,25,27,39,40,35,87,41296473,94867600000
942,2020-12-19,10,12,18,35,42,43,39,52,72340007,92731965000
943,2020-12-26,1,8,13,36,44,45,39,74,54156117,100081432000
944,2021-01-02,2,13,16,19,32,33,42,79,53805639,107181377000
945,2021-01-09,9,10,15,30,33,37,26,71,53878424,94837109000
946,2021-01-16,9,18,19,30,34,40,20,71,55714127,99380178000
947,2021-01-23,3,8,17,20,27,35,26,58,65992539,99449916000
948,2021-01-30,13,18,30,31,38,41,5,90,44581548,100519459000
949,2021-02-06,14,21,35,36,40,44,30,65,63040250,100518909000
950,2021-02-13,3,4,15,22,28,40,10,67,65311851,108870714000
951,2021-02-20,2,12,30,31,39,43,38,72,56633652,102937006000
952,2021-02-27,4,12,22,24,33,41,38,93,43769353,102355646000
953,2021-03-06,7,9,22,27,37,42,34,102,37530890,99180891000
954,2021-03-13,1,9,26,28,30,41,32,64,64551977,101455314000
955,2021-03-20,4,9,23,26,29,33,8,71,56990710,99784736000
956,2021-03-27,10,11,20,21,25,41,40,136,27270600,97065255000
957,2021-04-03,4,15,24,35,36,40,1,61,63915234,96654698000
958,2021-04-10,2,9,10,16,35,37,1,67,59556705,98635947000
959,2021-04-17,1,14,15,24,40,41,35,75,53605563,97435835000
960,2021-04-24,2,18,24,30,32,45,14,56,71462298,98784879000
961,2021-05-01,11,20,29,31,33,42,43,73,52915710,97153309000
962,2021-05-08,1,18,28,31,34,43,40,73,53175510,95956365000
963,2021-05-15,6,12,19,23,34,42,35,68,54282285,95452215000
964,2021-05-22,6,21,36,38,39,43,30,52,75187855,95549895000
965,2021-05-29,2,13,25,28,29,36,34,46,86316821,96174650000
966,2021-06-05,1,21,25,29,34,37,36,50,80376784,95640447000
967,2021-06-12,1,6,13,37,38,40,9,69,56133103,94515565000
968,2021-06-19,2,5,12,14,24,39,33,97,37251694,95924229000
969,2021-06-26,3,9,10,29,40,45,7,56,68418328,96728751000
970,2021-07-03,9,11,16,21,28,36,5,87,43221488,93268371000
971,2021-07-10,2,6,17,18,21,26,7,62,60094843,94471924000
972,2021-07-17,3,6,17,23,37,39,26,80,46870261,93916813000
973,2021-07-24,22,26,31,37,41,42,24,42,92468024,93953872000
974,2021-07-31,1,2,11,16,39,44,32,66,56539361,94146055000
975,2021-08-07,7,8,9,17,22,24,5,61,60010092,94253719000
976,2021-08-14,4,12,14,25,35,37,2,69,54847997,97492178000
977,2021-08-21,2,9,10,14,22,44,16,82,47517648,95895844000
978,2021-08-28,1,7,15,32,34,42,8,70,56509319,98855197000
979,2021-09-04,7,11,16,21,27,33,24,79,47446429,99507886000
980,2021-09-11,3,13,16,23,24,35,14,70,56824054,99593380000
981,2021-09-18,27,36,37,41,43,45,32,65,66428774,105645424000
982,2021-09-25,5,7,13,20,21,44,33,81,49771699,101344251000
983,2021-10-02,13,23,26,31,35,43,15,78,53491928,101899006000
984,2021-10-09,3,10,23,35,36,37,18,64,62945427,98762367000
985,2021-10-16,17,21,23,30,34,44,19,62,65450349,98811446000
986,2021-10-23,7,10,16,28,41,42,40,70,56554170,99041240000
987,2021-10-30,2,4,15,23,29,38,7,73,54308485,100269530000
988,2021-11-06,2,13,20,30,31,41,27,61,65864493,98606195000
989,2021-11-13,17,18,21,27,29,33,26,63,61658927,96525658000
990,2021-11-20,2,4,25,26,36,37,28,56,72503970,99567047000
991,2021-11-27,13,18,25,31,33,44,38,110,35202013,98026282000
992,2021-12-04,12,20,26,33,44,45,24,58,68515710,97066498000
993,2021-12-11,6,14,16,18,24,42,44,70,57017101,99323653000
994,2021-12-18,1,3,8,24,27,35,28,70,53188059,95530936000
995,2021-12-25,1,4,13,29,38,39,7,69,58287206,100878455000
996,2022-01-01,6,11,15,24,32,39,28,86,52018109,112624327000
997,2022-01-08,4,7,14,16,24,44,20,85,46708317,102431961000
998,2022-01-15,13,17,18,20,42,45,41,53,78358478,101681869000
999,2022-01-22,1,3,9,14,18,28,34,67,60229843,102581351000
1000,2022-01-29,2,8,19,22,32,42,39,109,41941945,118628811000
1001,2022-02-05,6,10,12,14,20,42,15,66,62947867,103967487000
1002,2022-02-12,17,25,33,35,38,45,15,85,48446268,105795484000
1003,2022-02-19,1,4,29,39,43,45,31,66,64029383,103479378000
1004,2022-02-26,7,15,30,37,39,44,18,68,63143430,106112471000
1005,2022-03-05,8,13,18,24,27,29,17,84,49076175,103755249000
1006,2022-03-12,8,11,15,16,17,37,36,65,65898511,104542431000
1007,2022-03-19,8,11,16,19,21,25,40,70,58259709,101530003000
1008,2022-03-26,9,11,30,31,41,44,33,97,42854222,103727042000
1009,2022-04-02,15,23,29,34,40,44,20,69,61683436,103771363000
1010,2022-04-09,9,12,15,25,34,36,3,66,63017780,103011505000
1011,2022-04-16,1,9,12,26,35,38,42,76,53561039,101799373000
1012,2022-04-23,5,11,18,20,35,45,3,76,53081746,101948323000
1013,2022-04-30,21,22,26,34,36,41,32,79,53244417,101747653000
1014,2022-05-07,3,11,14,18,26,27,21,69,58223414,102396369000
1015,2022-05-14,14,23,31,33,37,40,44,102,39883734,102562683000
1016,2022-05-21,15,26,28,34,41,42,44,68,60949185,101583153000
1017,2022-05-28,12,18,22,23,30,34,32,70,58628081,101382790000
1018,2022-06-04,3,19,21,25,37,45,35,62,66460993,101151805000
1019,2022-06-11,1,4,13,17,34,39,6,75,48729460,102804882000
1020,2022-06-18,12,27,29,38,41,45,6,77,55332489,104996396000
1021,2022-06-25,12,15,17,24,29,45,16,56,75320081,101960162000
1022,2022-07-02,5,6,11,29,42,45,28,63,64371271,99233031000
1023,2022-07-09,10,14,16,18,29,35,25,72,57201623,100399659000
1024,2022-07-16,9,18,20,22,38,44,10,63,63922191,100081038000
1025,2022-07-23,8,9,20,25,29,33,7,69,59119356,101318529000
1026,2022-07-30,5,12,13,31,32,41,34,76,53260477,101556379000
1027,2022-08-06,14,16,27,35,39,45,5,83,49407718,101195159000
1028,2022-08-13,5,7,12,13,18,35,23,91,43268687,100613537000
1029,2022-08-20,12,30,32,37,39,41,24,62,67952916,101336312000
1030,2022-08-27,2,5,11,17,24,29,9,104,38864942,104899923000
1031,2022-09-03,6,7,22,32,35,36,19,64,66957450,104316078000
1032,2022-09-10,1,6,12,19,36,42,28,90,49541807,110907011000
1033,2022-09-17,3,11,15,20,35,44,10,79,52477625,104642258000
1034,2022-09-24,26,31,32,33,38,40,11,66,65201278,107150089000
1035,2022-10-01,9,14,34,35,41,42,2,71,60679695,106759523000
1036,2022-10-08,2,5,22,32,34,45,39,64,66499762,103753936000
1037,2022-10-15,2,14,15,22,27,33,31,78,54762078,104840173000
1038,2022-10-22,7,16,24,27,37,44,2,77,52839521,104932409000
1039,2022-10-29,2,3,6,19,36,39,26,80,52833990,105259066000
1040,2022-11-05,8,16,26,29,31,36,11,63,67786716,104007239000
1041,2022-11-12,6,7,9,11,17,18,45,85,45837803,105301601000
1042,2022-11-19,5,14,15,23,34,43,4,100,41355456,106510259000
1043,2022-11-26,3,5,12,22,26,31,19,86,48385656,107045942000
1044,2022-12-03,12,17,20,26,28,36,4,72,58091505,102891973000
1045,2022-12-10,6,14,15,19,21,41,37,67,64355189,105380282000
1046,2022-12-17,7,16,25,29,35,36,28,57,70575991,100923993000
1047,2022-12-24,2,20,33,40,42,44,32,83,49677071,103058179000
1048,2022-12-31,6,12,17,21,32,39,30,102,44791515,117323901000
1049,2023-01-07,3,5,13,20,21,37,17,89,48533992,108444724000
1050,2023-01-14,6,12,31,35,38,43,17,70,62134324,108072602000
1051,2023-01-21,21,26,30,32,33,35,44,70,71552507,119243907000
1052,2023-01-28,5,17,26,27,35,38,1,108,39750788,107565461000
1053,2023-02-04,22,26,29,30,34,45,15,64,74563990,113721665000
1054,2023-02-11,14,19,27,28,30,45,33,66,71543767,113660567000
1055,2023-02-18,4,7,12,14,22,33,31,92,47085086,112488256000
1056,2023-02-25,13,20,24,32,36,45,29,81,56739248,113279615000
1057,2023-03-04,8,13,19,27,40,45,12,664,6895880,112523887000
1058,2023-03-11,11,23,25,30,32,40,42,60,74317398,112041382000
1059,2023-03-18,7,10,22,25,34,40,27,83,53074680,110846824000
1060,2023-03-25,3,10,24,33,38,45,36,96,43664392,110677185000
1061,2023-04-01,4,24,27,35,37,45,15,99,44866089,109909344000
1062,2023-04-08,20,31,32,40,41,45,12,68,65229257,107109911000
1063,2023-04-15,3,6,22,23,24,38,30,55,79976313,108347135000
1064,2023-04-22,3,6,9,18,22,35,14,62,68858049,109427584000
1065,2023-04-29,3,18,19,23,32,45,24,74,58415125,108181727000
1066,2023-05-06,6,11,16,19,21,32,45,88,47470093,106440950000
1067,2023-05-13,7,10,19,23,28,33,18,82,52346509,110703299000
1068,2023-05-20,4,7,19,26,33,35,3,87,49644944,108988932000
1069,2023-05-27,1,10,18,22,28,31,44,79,55031743,108388892000
1070,2023-06-03,3,6,14,22,30,41,36,63,68856183,107222802000
1071,2023-06-10,1,2,11,21,30,35,39,83,52047990,107362630000
1072,2023-06-17,16,18,20,23,32,43,27,93,46774331,108156654000
1073,2023-06-24,6,18,28,30,32,38,15,62,69348129,107352123000
1074,2023-07-01,1,6,20,27,28,41,15,78,54737530,105744157000
1075,2023-07-08,1,23,24,35,44,45,10,160,27153161,105635232000
1076,2023-07-15,3,7,9,33,36,37,10,86,46616682,103168694000
1077,2023-07-22,4,8,17,30,40,43,34,98,42510727,105927489000
1078,2023-07-29,6,10,11,14,36,38,43,77,55626103,105407618000
1079,2023-08-05,4,8,18,24,37,45,6,85,47864637,103120206000
1080,2023-08-12,13,16,23,31,36,44,38,82,51780714,104111986000
1081,2023-08-19,1,9,16,23,24,38,17,92,46708012,106974323000
1082,2023-08-26,21,26,27,32,34,42,31,62,70009214,107566880000
1083,2023-09-02,3,7,14,15,22,38,17,72,59482102,108995141000
1084,2023-09-09,8,12,13,29,33,42,5,107,40625342,109818924000
1085,2023-09-16,4,7,17,18,38,44,36,80,51427879,106249975000
1086,2023-09-23,11,16,25,27,35,36,37,67,64105808,109250306000
1087,2023-09-30,13,14,18,21,34,44,16,71,65061169,113960897000
1088,2023-10-07,11,21,22,30,39,44,31,94,47485243,109089305000
1089,2023-10-14,4,18,31,37,42,43,40,79,56554219,108725932000
1090,2023-10-21,12,19,21,29,40,45,1,88,49718638,108364862000
1091,2023-10-28,6,20,23,24,28,30,44,65,66887780,109335581000
1092,2023-11-04,7,18,19,26,33,45,37,84,50263170,108970510000
1093,2023-11-11,10,17,22,30,35,43,44,65,65568025,105589036000
1094,2023-11-18,6,7,15,22,26,40,41,87,48571368,104078823000
1095,2023-11-25,8,14,28,29,34,40,12,57,76544608,106160572000
1096,2023-12-02,1,12,16,19,23,43,34,85,49791984,105753078000
1097,2023-12-09,14,33,34,35,37,40,4,67,67288686,108873101000
1098,2023-12-16,12,16,21,24,41,43,15,68,61509816,103850339000
1099,2023-12-23,3,20,28,38,40,43,4,71,62533820,107510729000
1100,2023-12-30,17,26,29,30,31,43,12,81,59050373,116187023000
1101,2024-01-06,6,7,13,28,36,42,41,75,60681964,114758876000
1102,2024-01-13,13,14,22,26,37,38,20,63,73205895,113178102000
1103,2024-01-20,10,12,29,31,40,44,2,76,58695469,110195070000
1104,2024-01-27,1,7,21,30,35,38,2,76,59776089,112449384000
1105,2024-02-03,6,16,34,37,39,40,11,83,55266681,113295292000
1106,2024-02-10,1,3,4,29,42,45,36,67,76355948,126617296000
1107,2024-02-17,6,14,30,31,40,41,29,82,57639743,117664962000
1108,2024-02-24,7,19,26,37,39,44,27,96,47590056,114578905000
1109,2024-03-02,10,12,13,19,33,40,2,84,53440474,117196327000
1110,2024-03-09,3,7,11,20,22,41,24,118,37229214,115083786000
1111,2024-03-16,3,13,30,33,43,45,4,97,47138490,116382835000
1112,2024-03-23,16,20,26,36,42,44,24,59,79221912,114216084000
1113,2024-03-30,11,13,20,21,32,44,8,57,81356654,113342318000
1114,2024-04-06,10,16,19,32,33,38,3,88,50994006,113597890000
1115,2024-04-13,7,12,23,32,34,36,8,60,75242610,113939215000
1116,2024-04-20,15,16,17,25,30,31,32,114,39400589,110862553000
1117,2024-04-27,3,4,9,30,33,36,7,94,48325302,113895333000
1118,2024-05-04,11,13,14,15,16,45,3,72,64980226,113727120000
1119,2024-05-11,1,9,12,13,20,45,3,97,45574823,111840714000
1120,2024-05-18,2,19,26,31,38,41,34,91,50812816,114804359000
1121,2024-05-25,6,24,31,32,38,44,8,76,60898347,113898519000
1122,2024-06-01,3,6,21,30,34,35,22,99,47338261,115540004000
1123,2024-06-08,13,19,21,24,34,35,26,77,59958813,113142957000
1124,2024-06-15,3,8,17,30,33,34,28,87,50255324,112014841000
1125,2024-06-22,6,14,25,33,40,44,30,78,56289467,109407294000
1126,2024-06-29,4,5,9,11,37,40,7,91,48077302,111998191000
1127,2024-07-06,10,15,24,30,31,37,32,84,53997428,111571373000
1128,2024-07-13,1,5,8,16,28,33,45,77,57262577,111364194000
1129,2024-07-20,5,10,11,17,28,34,22,107,40600069,110363498000
1130,2024-07-27,15,19,21,25,27,28,40,69,65602934,109515089000
1131,2024-08-03,1,2,6,14,27,38,33,56,78036471,109120798000
1132,2024-08-10,6,7,19,28,34,41,5,73,60398334,110018123000
1133,2024-08-17,13,14,20,28,29,34,23,73,62479529,111210839000
1134,2024-08-24,3,7,9,13,19,24,23,97,42233078,111660087000
1135,2024-08-31,1,6,13,19,21,33,4,91,48687794,113817137000
1136,2024-09-07,21,33,35,38,42,44,1,75,61719151,113031911000
1137,2024-09-14,4,9,12,15,33,45,26,111,42534937,119250007000
1138,2024-09-21,14,16,19,20,29,34,35,50,88790650,109651510000
1139,2024-09-28,5,12,15,30,37,40,18,75,62616406,117915887000
1140,2024-10-05,7,10,22,29,31,38,15,83,54935517,115238556000
1141,2024-10-12,7,11,12,21,26,35,20,100,45058902,115803173000
1142,2024-10-19,2,8,28,30,37,41,22,67,69795173,114254355000
1143,2024-10-26,10,16,17,27,28,36,6,90,51855977,116432896000
1144,2024-11-02,3,4,12,15,26,34,6,94,47532364,116378514000
1145,2024-11-09,2,11,31,33,37,44,32,63,72657860,116115162000
1146,2024-11-16,6,11,17,19,40,43,28,72,64331574,116694743000
1147,2024-11-23,7,11,24,26,27,37,32,83,53388307,115707061000
1148,2024-11-30,3,6,13,15,16,22,32,97,46311547,113188640000
1149,2024-12-07,8,15,19,21,32,36,38,74,61773588,112146718000
1150,2024-12-14,8,9,18,35,39,45,25,226,19690668,114152034000
1151,2024-12-21,2,3,9,15,27,29,8,102,45013974,116118444000
1152,2024-12-28,30,31,32,35,36,37,5,79,64561685,120703009000
1153,2025-01-04,1,9,10,13,35,44,5,79,64155473,126343367000
1154,2025-01-11,4,8,22,26,32,38,27,62,74796993,115268257000
1155,2025-01-18,10,16,19,27,37,38,13,78,60821851,118482730000
1156,2025-01-25,30,31,34,39,41,45,7,73,72167464,127643987000
1157,2025-02-01,5,7,12,20,25,26,28,141,32026130,123443439000
1158,2025-02-08,21,25,27,32,37,38,20,86,56747136,119706159000
1159,2025-02-15,3,9,27,28,38,39,7,110,44775224,124802304000
1160,2025-02-22,7,13,18,36,39,45,19,84,59746664,123177536000
1161,2025-03-01,2,12,20,24,34,42,37,117,40858302,123230590000
1162,2025-03-08,20,21,22,25,28,29,6,78,63379310,120578328000
1163,2025-03-15,2,13,15,16,33,43,4,75,64563039,122246316000
1164,2025-03-22,17,18,23,25,38,39,22,76,62522365,121102645000
1165,2025-03-29,6,7,27,29,38,45,17,91,52202031,118112106000
1166,2025-04-05,14,23,25,27,29,42,16,80,60442665,116717661000
1167,2025-04-12,8,23,31,35,39,40,24,69,69663960,118762131000
1168,2025-04-19,9,21,24,30,33,37,29,74,62559160,117811795000
1169,2025-04-26,5,12,24,26,39,42,20,112,42451426,118803195000
1170,2025-05-03,3,13,28,34,38,42,25,103,44872200,116709995000
1171,2025-05-10,3,6,7,11,12,17,19,148,26683842,115285696000
1172,2025-05-17,7,9,24,40,42,44,45,98,48705881,117565241000
1173,2025-05-24,1,5,18,20,30,35,3,94,50210471,118782668000
1174,2025-05-31,8,11,14,17,36,39,22,85,56194689,119020467000
1175,2025-06-07,3,4,6,8,32,42,31,92,50145873,117488305000
1176,2025-06-14,7,9,11,21,30,35,29,89,49959102,115765450000
1177,2025-06-21,3,7,15,16,19,43,21,75,61022294,115411832000
1178,2025-06-28,5,6,11,27,43,44,17,89,53744010,118774279000
1179,2025-07-05,3,16,18,24,40,44,21,63,74382737,115024678000
1180,2025-07-12,6,12,18,37,40,41,3,72,64563034,115377965000
1181,2025-07-19,8,10,14,20,33,41,28,86,52503759,113802682000
1182,2025-07-26,1,13,21,25,28,31,22,79,58274706,115431308000
1183,2025-08-02,4,15,17,23,27,36,31,92,48843403,115605968000
1184,2025-08-09,14,16,23,25,31,37,42,95,50280411,117748924000
1185,2025-08-16,6,17,22,28,29,32,38,79,60473295,117480804000
1186,2025-08-23,2,8,13,16,23,28,35,89,52058946,116690738000
1187,2025-08-30,5,13,26,29,37,40,42,79,60787300,117650847000
1188,2025-09-06,3,4,12,19,22,27,9,111,38725232,116617971000
1189,2025-09-13,9,19,29,35,37,38,31,167,29368730,119484685000
1190,2025-09-20,7,9,19,23,26,45,33,113,40909680,118368861000
1191,2025-09-27,1,4,11,12,20,41,2,132,34916690,121272809000
1192,2025-10-04,10,16,23,36,39,40,11,95,54924300,129050196000
1193,2025-10-11,6,9,16,19,24,28,17,84,54508366,118676603000
1194,2025-10-18,3,13,15,24,33,37,2,99,46438300,121085706000
1195,2025-10-25,3,15,27,33,34,36,37,86,56960984,122918013000
1196,2025-11-01,8,12,15,29,40,45,14,94,53234776,121645432000
1197,2025-11-08,1,5,7,26,28,43,30,74,64563441,120244434000
1198,2025-11-15,26,30,33,38,39,41,21,78,63112963,120207517000
1199,2025-11-22,16,24,25,30,31,32,7,75,64056372,118624796000
1200,2025-11-29,1,2,4,16,20,32,45,80,58932497,118339596000
1201,2025-12-06,7,9,24,27,35,36,37,84,53326506,115389593000
1202,2025-12-13,5,12,21,33,37,40,7,109,41109712,116954237000
1203,2025-12-20,3,6,18,29,35,39,24,118,40578073,121655631000
1204,2025-12-27,8,16,28,30,31,44,27,95,52452875,123758619000
1205,2026-01-03,1,4,16,23,31,41,2,97,55436191,132670747000
1206,2026-01-10,1,3,17,26,27,42,23,74,63135372,121012690000
1207,2026-01-17,10,22,24,27,38,45,11,86,57101648,122934287000
1208,2026-01-24,6,27,30,36,38,42,25,68,73554613,120408668000
1209,2026-01-31,2,17,20,35,37,39,24,73,68908745,124040394000
1210,2026-02-07,1,7,9,17,27,38,31,153,28818259,123111058000
1211,2026-02-14,23,26,27,35,38,40,10,86,64328265,134945802000
1212,2026-02-21,5,8,25,31,41,44,45,79,67192128,131727929000
1213,2026-02-28,5,11,25,27,36,38,2,110,47454864,131111079000
1214,2026-03-07,10,15,19,27,30,33,14,99,49122772,124815860000
1215,2026-03-14,13,15,19,21,44,45,39,76,70124286,126977101000
1216,2026-03-21,3,10,14,15,23,24,25,87,57626736,125556526000
1217,2026-03-28,8,10,15,20,29,31,41,85,59835946,125155256000
1218,2026-04-04,3,28,31,32,42,45,25,80,64293077,123335928000
1219,2026-04-11,1,2,15,28,39,45,31,77,65148906,120945801000
1220,2026-04-18,2,22,25,28,34,43,16,85,58045487,121958822000
1221,2026-04-25,6,13,18,28,30,36,9,96,50855588,122979623000
1222,2026-05-02,4,11,17,22,32,41,34,115,41843021,124243558000
1223,2026-05-09,16,18,20,32,33,39,26,103,48092017,122621163000
1224,2026-05-16,9,18,21,27,44,45,28,70,68995865,121110408000
1225,2026-05-23,8,9,19,25,41,42,33,76,63521338,120402887000
1226,2026-05-30,4,6,13,17,26,28,41,75,62560670,120259943000
1227,2026-06-06,1,14,16,34,41,44,13,70,70054508,118882558000
1228,2026-06-13,24,29,30,31,35,44,1,83,59601765,119052273000
1229,2026-06-20,12,13,29,34,37,42,16,89,52730472,116155532000
1230,2026-06-27,3,8,9,22,28,42,45,90,52484658,120177677000
1231,2026-07-04,4,13,14,18,31,38,15,92,50907303,118084580000
